MESSAGECLASS,MESSAGENUMBER,LANGUAGE,DESCRIPTION,TEXT
SEPM_BOR_MESSAGES,001,en,EPM problem: &1,
SEPM_BO_COMMON,001,en,Operation &1 failed. Reason: &2,
SEPM_DG,001,en,User &1 not found in table SNWD_LOCAL_USERS,
SEPM_EXCEPTIONS,001,en,Data type does not match buffer type,
SEPM_PI_MESSAGES,001,en,No logical Port found for Proxy&1 in Configuration Table &2,
SEPM_SALES_ON_DEMAND,001,en,Routing information has not been specified by sender,
SEPM_TEST,001,en,Internal error: bug in EPM test utilities or test framework,
SEPM_WD,001,en,Partner ID does not exist,
SEPM_BO_COMMON,046,en,Invalid country code '&1',
SEPM_BO_COMMON,046,de,Ungültige Ländervorwahl '&1',
SEPM_BO_COMMON,047,en,ID cannot be changed in a saved product,
SEPM_BO_COMMON,047,de,ID kann in einem gesicherten Produkt nicht geändert werden,
SEPM_BO_COMMON,048,en,Product cannot be changed in a saved storage bin,
SEPM_BO_COMMON,048,de,Produkt kann in einem gesicherten Lagerplatz nicht geändert werden,
SEPM_BO_COMMON,049,en,Org Unit cannot be changed in a saved storage bin,
SEPM_BO_COMMON,049,de,OrgEinheit kann in einem gesicherten Lagerplatz nicht geändert werden,
SEPM_BO_COMMON,050,en,Bin Number cannot be changed in a saved storage bin,
SEPM_BO_COMMON,050,de,Lagerplatznr. kann in einem gesicherten Lagerplatz nicht geändert werden,
SEPM_BO_COMMON,051,en,Goods Issue cannot be changed after save,
SEPM_BO_COMMON,051,de,Warenausgang kann nach dem Sichern nicht geändert werden,
SEPM_BO_COMMON,052,en,Goods Receipt cannot be changed after save,
SEPM_BO_COMMON,052,de,Wareneingang kann nach dem Sichern nicht geändert werden,
SEPM_BO_COMMON,053,en,Sales Order Invoice cannot be changed after save,
SEPM_BO_COMMON,053,de,Kundenauftragsrechnung kann nach dem Sichern nicht geändert werden,
SEPM_BO_COMMON,054,en,Purchase Order Invoice cannot be changed after save,
SEPM_BO_COMMON,054,de,Rechnung für Bestellung kann nach dem Sichern nicht geändert werden,
SEPM_BO_COMMON,055,en,Text created in original language cannot be deleted,
SEPM_BO_COMMON,055,de,In Originalsprache angelegter Text kann nicht gelöscht werden,
SEPM_BO_COMMON,056,en,Mime type '&1' is not supported,
SEPM_BO_COMMON,056,de,MIME-Typ '&1' wird nicht unterstützt,
SEPM_BO_COMMON,316,en,Only purchase orders with lifecycle status 'New' can be changed,
SEPM_BO_COMMON,316,de,Nur Bestellungen mit Lebenszyklusstatus 'Neu' können geändert werden,
SEPM_BO_COMMON,317,en,Supplier cannot be changed as long as there are items,
SEPM_BO_COMMON,317,de,Lieferant kann nicht geändert werden solange es Positionen gibt,
SEPM_BO_COMMON,318,en,Only purchase orders with initial confirmation status can be deleted,
SEPM_BO_COMMON,318,de,Nur Bestellungen mit initialem Bestätigungsstatus können gelöscht werden,
SEPM_BO_COMMON,401,en,Only sales orders with lifecycle status 'New' can be changed,
SEPM_BO_COMMON,401,de,Nur Kundenaufträge mit Lebenszyklusstatus 'Neu' können geändert werden,
SEPM_BO_COMMON,402,en,Customer cannot be changed in a saved sales order,
SEPM_BO_COMMON,402,de,Kunde kann in einem gesicherten Kundenauftrag nicht geändert werden,
SEPM_BO_COMMON,403,en,Sales orders created by an opportunity cannot be deleted,
SEPM_BO_COMMON,403,de,Durch Opportunity angelegte Kundenaufträge können nicht gelöscht werden,
SEPM_BO_COMMON,600,en,---  Org BO Messages ---------------------------------------------------,
SEPM_BO_COMMON,600,de,---  Meldungen zum Org-BO -----------------------------------------------,
SEPM_BO_COMMON,601,en,Start date &1 collides with existing assignment,
SEPM_BO_COMMON,601,de,Startdatum &1 kollidiert mit bestehender Zuordnung,
SEPM_BO_COMMON,602,en,Number of referenced Storage Bins deleted: &1,
SEPM_BO_COMMON,602,de,Anzahl der gelöschten referenzierten Lagerplätze: &1,
SEPM_BO_COMMON,603,en,Only one company can exist in the EPM model,
SEPM_BO_COMMON,603,de,In dem EPM-Modell kann es nur ein Unternehmen geben,
SEPM_BO_COMMON,604,en,Historic staffing data cannot be changed,
SEPM_BO_COMMON,604,de,Alte Personaldaten können nicht geändert werden,
SEPM_BO_COMMON,605,en,The Login Name of employees cannot be changed.,
SEPM_BO_COMMON,605,de,Der Anmeldename von Mitarbeitern kann nicht geändert werden.,
SEPM_BO_COMMON,700,en,--- Product BO Messages -----------------------------------------------,
SEPM_BO_COMMON,700,de,--- Meldungen zum Produkt-BO --------------------------------------------,
SEPM_BO_COMMON,701,en,Invalid Conversion Factor,
SEPM_BO_COMMON,701,de,Ungültiger Umwandlungsfaktor,
SEPM_DG,003,en,EPM Data Generator locked by user &1,
SEPM_DG,011,en,Error: Incomplete or inconsistent parameters,
SEPM_DG,011,de,Fehler: unvollständige oder inkonsistente Parameter,
SEPM_EXCEPTIONS,053,en,Mime type is initial,
SEPM_EXCEPTIONS,053,de,MIME-Typ ist initial,
SEPM_EXCEPTIONS,080,en,More than 1 Company record found,
SEPM_EXCEPTIONS,080,de,Mehr als 1 Unternehmenssatz gefunden,
SEPM_FPM,000,en,Data saved,
SEPM_FPM,001,en,Purchase Order &1 deleted,
SEPM_FPM,001,de,Bestellung &1 gelöscht,
SEPM_FPM,002,en,Product &1 deleted,
SEPM_FPM,002,de,Produkt &1 gelöscht,
SEPM_FPM,003,en,Items missing,
SEPM_FPM,004,en,Sales Order &1 deleted,
SEPM_FPM,004,de,Kundenauftrag &1 gelöscht,
SEPM_FPM,006,en,Department '&1' and sub-departments deleted,
SEPM_FPM,006,de,Abteilung '&1' und Unterabteilungen gelöscht,
SEPM_FPM,007,en,Employee promoted to manager,
SEPM_FPM,007,de,Mitarbeiter befördert zum Manager,
SEPM_FPM,008,en,Employee re-assigned,
SEPM_FPM,008,de,Mitarbeiter neu zugeordnet,
SEPM_FPM,009,en,Department re-assigned,
SEPM_FPM,009,de,Abteilung neu zugeordnet,
SEPM_FPM,010,en,Department name missing,
SEPM_FPM,010,de,Abteilungsname fehlt,
SEPM_FPM,011,en,Currency missing,
SEPM_FPM,011,de,Währung fehlt,
SEPM_FPM,012,en,City missing,
SEPM_FPM,012,de,Ort fehlt,
SEPM_FPM,013,en,Street missing,
SEPM_FPM,013,de,Straße fehlt,
SEPM_FPM,014,en,Country missing,
SEPM_FPM,014,de,Land fehlt,
SEPM_BOR_MESSAGES,002,en,Consumer problem: Product ID mismatch [&1],
SEPM_BO_COMMON,002,en,Element is locked by user &1,
SEPM_DG,002,en,EPM Master Data must be recreated for User &1,
SEPM_EXCEPTIONS,002,en,BO name &1 is invalid,
SEPM_PI_MESSAGES,002,en,Message was sent via WS Proxy &1. Processing Time:&2 s,
SEPM_SALES_ON_DEMAND,002,en,Logical partner system '&1' is unknown,
SEPM_WD,002,en,Product ID does not exist,
SEPM_BOR_MESSAGES,003,en,Consumer problem: &1,
SEPM_BO_COMMON,003,en,Value &1 is invalid for Field &2,
SEPM_EXCEPTIONS,003,en,Invalid query parameter value. Parameter = &1 Value = &2,
SEPM_SALES_ON_DEMAND,003,en,EPM test environment data specification is incomplete,
SEPM_WD,003,en,Save not executed,
SEPM_BOR_MESSAGES,004,en,EPM problem: Retrieval of product data [&1] has failed,
SEPM_BO_COMMON,004,en,Invalid measure unit '&1',
SEPM_DG,004,en,EPM Data Generator: Master Data deleted,
SEPM_EXCEPTIONS,004,en,BO node '&1' has no parent node,
SEPM_PI_MESSAGES,003,en,Error when sending WS Message via Proxy&1:&2,
SEPM_BOR_MESSAGES,005,en,Consumer problem: Changing &1 has failed,
SEPM_BO_COMMON,005,en,Product does not exist,
SEPM_DG,005,en,EPM Data Generator: Employee Data created,
SEPM_EXCEPTIONS,005,en,DB table '&1' does not exist,
SEPM_PI_MESSAGES,004,en,Paramers &1 &2 and &3 must set to 'true',
SEPM_SALES_ON_DEMAND,004,en,Opportunity data specification (Header Item Schedule Line) is missing,
SEPM_WD,004,en,Purchase Order & created,
SEPM_BOR_MESSAGES,000,en,----------- BOR related messages - Start - ----------,
SEPM_BO_COMMON,000,en,Arithmetic Overflow: Operation &1 cannot be executed.,
SEPM_FPM,005,en,Amount is too big (reduce quantities),
SEPM_SALES_ON_DEMAND,005,en,Invalid OP header data: &1,
SEPM_TEST,000,en,***** Errors in the test utilities,
SEPM_WD,005,en,Purchase Order & changed,
SEPM_BOR_MESSAGES,006,en,EPM problem: Changing &1 has failed,
SEPM_BO_COMMON,006,en,BO listener '&1' contains errors (&2),
SEPM_DG,006,en,EPM Data Generator: Business Partner Data created,
SEPM_EXCEPTIONS,006,en,Node key is initial,
SEPM_PI_MESSAGES,000,en,Locical Port &1 is not valid lease check logical Ports for Proxy &2,
SEPM_SALES_ON_DEMAND,000,en,==== IDOC Inbound processing ==============================,
SEPM_BOR_MESSAGES,010,en,EPM problem: Deleting &1 has failed,
SEPM_DG,010,en,File &1 not found on backend,
SEPM_EXCEPTIONS,010,en,Parent key is initial,
SEPM_SALES_ON_DEMAND,006,en,EPM runtime error: &1,
SEPM_WD,006,en,Purchase Order & accepted,
SEPM_BOR_MESSAGES,007,en,Consumer problem: Supplier ID and supplier name do not match: &1,
SEPM_BO_COMMON,007,en,Invalid address type '&1',
SEPM_DG,007,en,EPM Data Generator: Product Data created,
SEPM_EXCEPTIONS,007,en,'&1' is not an EPM DB table,
SEPM_SALES_ON_DEMAND,010,en,Updating Sales Order item data for Opportunity &1 has failed,
SEPM_WD,010,en,Purchase Order & does not exist,
SEPM_BOR_MESSAGES,011,en,EPM problem: Supplier data for product &1 can not be retrieved,
SEPM_BO_COMMON,011,en,Updating data on field '&1' is not allowed.,
SEPM_EXCEPTIONS,011,en,Table of node keys is empty,
SEPM_SALES_ON_DEMAND,007,en,Invalid OP Item data: &1,
SEPM_WD,007,en,Purchase Order & rejected,
SEPM_BOR_MESSAGES,008,en,Consumer problem: Specify ID for supplier [&1],
SEPM_BO_COMMON,008,en,Invalid language '&1',
SEPM_DG,008,en,EPM Data Generator: Purchase Orders deleted,
SEPM_EXCEPTIONS,008,en,Duplicate key '&1',
SEPM_SALES_ON_DEMAND,011,en,Updating Sales Order Schedule line data for Opportunity &1 has failed,
SEPM_WD,011,en,No employee ID found for user &1 in table &2,
SEPM_BOR_MESSAGES,012,en,Consumer problem: Invalid product id [&1] in conversion factor data,
SEPM_BO_COMMON,012,en,Delete is not allowed because of property value.,
SEPM_DG,012,en,Error: Snapshot Key must not be empty,
SEPM_EXCEPTIONS,012,en,Edit mode '&1' is invalid,
SEPM_SALES_ON_DEMAND,008,en,Invalid OP Schedule Line data: &1,
SEPM_WD,008,en,Purchase Order & sent,
SEPM_BOR_MESSAGES,009,en,EPM problem: Creation of &1 has failed,
SEPM_BO_COMMON,009,en,Action '&1' is not enabled,
SEPM_DG,009,en,EPM Data Generator: &1 Purchase Orders created,
SEPM_EXCEPTIONS,009,en,Operation '&1' has failed. Reason: &2,
SEPM_SALES_ON_DEMAND,009,en,IDoc problem: &1,
SEPM_SALES_ON_DEMAND,012,en,Creating Sales Order item data for Opportunity &1 has failed,
SEPM_WD,009,en,Selection restricted to &1 hits (&2 entries found on the database),
SEPM_WD,012,en,Product picture could not be changed,
SEPM_BOR_MESSAGES,013,en,Consumer problem: Conversion factor modification info missing for &1,
SEPM_BO_COMMON,013,en,Create is not allowed because of property value.,
SEPM_BO_COMMON,014,en,System failure: Element cannot be locked,
SEPM_DG,013,en,EPM Data Generator: Database Snapshot exported,
SEPM_DG,014,en,EPM Data Generator: Database Snapshot imported,
SEPM_EXCEPTIONS,013,en,Table of data is empty,
SEPM_EXCEPTIONS,014,en,Message Buffer is invalid,
SEPM_SALES_ON_DEMAND,013,en,Creating Sales Order schedule line data for Opportunity &1 has failed,
SEPM_WD,013,en,Purchase Order & deleted,
SEPM_BOR_MESSAGES,014,en,Consumer problem: Multiple conversion factor data for &1,
SEPM_BOR_MESSAGES,015,en,Consumer problem: Invalid product id [&1] in conversion factor modif info,
SEPM_BO_COMMON,015,en,Creation of a node element of type &1 has failed,
SEPM_DG,015,en,EPM Data Generator: Database Snapshot deleted,
SEPM_EXCEPTIONS,015,en,Node key field name ( &1 ) for DB table &2 does not exist,
SEPM_WD,014,en,Quantity must be greater than 0,
SEPM_BOR_MESSAGES,020,en,Consumer problem: Multiple conversion factor modification infos for &1,
SEPM_BO_COMMON,020,en,Invalid currency code '&1',
SEPM_DG,016,en,EPM Data Generator: Number Ranges created,
SEPM_DG,020,en,EPM Data Generator: All Database Snapshots deleted,
SEPM_EXCEPTIONS,016,en,Too many selection parameters ( &1 )specified for DB table &2,
SEPM_EXCEPTIONS,020,en,Invalid sort order ( &1 ) specified for field ( &2 ) of DB &3,
SEPM_BOR_MESSAGES,016,en,Consumer problem: Conversion factor data already exists for &1,
SEPM_BOR_MESSAGES,021,en,Consumer problem: Invalid BOR key [&1] in BAPI data,
SEPM_BO_COMMON,016,en,Deletion of node element of type &1 has failed,
SEPM_BO_COMMON,021,en,Missing schedule line,
SEPM_DG,021,en,Error: Enter a valid Currency Code,
SEPM_EXCEPTIONS,021,en,Contradictory paging options specified for DB table &1,
SEPM_BOR_MESSAGES,017,en,Consumer problem: Conversion factor data does not exists for &1,
SEPM_BO_COMMON,017,en,Error during communication step &1 has occured,
SEPM_BO_COMMON,022,en,Value must be greater than 0,
SEPM_DG,017,en,EPM Data Generator: Number Ranges reset,
SEPM_DG,022,en,Error: Enter no. of Purchase Orders,
SEPM_EXCEPTIONS,017,en,Selection parameter field name &1 does not exist with DB table &2,
SEPM_EXCEPTIONS,022,en,Parent key '&1' does not exist,
SEPM_BOR_MESSAGES,018,en,Consumer problem: Invalid action code &1 in conversion factor modif info,
SEPM_BOR_MESSAGES,022,en,Consumer problem: Parent data missing for &1,
SEPM_BO_COMMON,018,en,Text already exists for language '&1',
SEPM_DG,018,en,Error: Snapshot key not found,
SEPM_EXCEPTIONS,018,en,Invalid value ( &1 ) for parameter 'Maximum number of rows to select',
SEPM_BOR_MESSAGES,019,en,Consumer problem: Conversion factor data is missing for &1,
SEPM_BOR_MESSAGES,023,en,Consumer problem: Duplicate BAPI data for &1,
SEPM_BO_COMMON,019,en,Authorization missing,
SEPM_BO_COMMON,023,en,Invalid category '&1',
SEPM_DG,019,en,Error: Cannot write snapshot,
SEPM_DG,023,en,Error: List of Users is empty,
SEPM_EXCEPTIONS,019,en,Field name ( &1 ) does not exist for DB table &2,
SEPM_EXCEPTIONS,023,en,Table of alternative keys is empty,
SEPM_BOR_MESSAGES,024,en,EPM problem: Retrieval of Sales Order data [&1] has failed,
SEPM_BOR_MESSAGES,025,en,EPM problem: Business Partner for Sales Order &1 can not be retrieved,
SEPM_BO_COMMON,024,en,Value must not be negative,
SEPM_BO_COMMON,025,en,Identifier already exists,
SEPM_DG,024,en,Error: Invalid Date Spec,
SEPM_DG,025,en,EPM Data Generator: Company Data Created,
SEPM_EXCEPTIONS,024,en,Alternative key field '&1' does not exist for BO node '&2',
SEPM_EXCEPTIONS,025,en,Root data buffer has no parent,
SEPM_BOR_MESSAGES,026,en,EPM problem: Employee data for Sales Oder &1 can not be retrieved,
SEPM_BOR_MESSAGES,030,en,Consumer problem: Business Partner ID and Company name do not match: &1,
SEPM_BO_COMMON,026,en,Invalid type code '&1',
SEPM_BO_COMMON,030,en,Invalid association target,
SEPM_DG,026,en,EPM Data Generator: Temporary Mime Files Deleted,
SEPM_DG,030,en,EPM Data Generator: Enterprise Search available,
SEPM_EXCEPTIONS,026,en,Alternative key is initial,
SEPM_EXCEPTIONS,030,en,Message is invalid,
SEPM_BOR_MESSAGES,031,en,Consumer problem: Field values must be initial: &1,
SEPM_BOR_MESSAGES,101,en,Workflow: Raising of event has failed for &1,
SEPM_BO_COMMON,031,en,Circular Org Unit Definition,
SEPM_DG,031,en,EPM Data Generator: Enterprise Search not available,
SEPM_EXCEPTIONS,031,en,Entity name of the property '&1' is invalid,
SEPM_TEST,101,en,Automated tests have been successful.,
SEPM_BOR_MESSAGES,027,en,EPM problem: There is no schedule line data for item position &1,
SEPM_BOR_MESSAGES,032,en,Consumer problem: Sales Order ID mismatch [&1],
SEPM_BOR_MESSAGES,100,en,----------- BOR related messages - Start - ----------,
SEPM_BO_COMMON,027,en,Invalid tax tariff code '&1',
SEPM_BO_COMMON,032,en,Value '&1' is not unique,
SEPM_DG,027,en,Error: List of System Users is initial.,
SEPM_DG,032,en,EPM Data Generator: Update of EPM indices triggered,
SEPM_EXCEPTIONS,027,en,Invalid sort field name ( &1 ) specified for DB &2,
SEPM_EXCEPTIONS,032,en,Property name '&1' is invalid,
SEPM_FPM,100,en,Error occurred: &1,
SEPM_TEST,100,en,***** Messages from helper classes,
SEPM_BOR_MESSAGES,028,en,EPM problem: Retrieval of product data for item position &1 has failed,
SEPM_BOR_MESSAGES,102,en,EPM problem: Retrieval of Product data [&1] has failed,
SEPM_BO_COMMON,028,en,Invalid weight unit '&1',
SEPM_DG,028,en,Reassigned user &1 to new org &2,
SEPM_DG,033,en,EPM Data Generator: Update of Search Indices not triggered,
SEPM_EXCEPTIONS,028,en,Invalid selection field name ( &1 ) specified for DB &2,
SEPM_TEST,102,en,Automated tests failed.,
SEPM_BOR_MESSAGES,029,en,EPM problem: Retrieval of Business Partner data [&1] has failed,
SEPM_BOR_MESSAGES,033,en,Consumer problem: Specify ID for Buyer [&1],
SEPM_BOR_MESSAGES,034,en,Feature &1 not supported yet,
SEPM_BO_COMMON,029,en,Wrong number of child node elements,
SEPM_BO_COMMON,033,en,Invalid role '&1',
SEPM_BO_COMMON,034,en,Invalid sex '&1',
SEPM_DG,029,en,EPM Data Generator: Cleanup done.,
SEPM_DG,034,en,EPM Data Generator: Sales Orders deleted,
SEPM_EXCEPTIONS,029,en,Message Buffer Table is invalid,
SEPM_EXCEPTIONS,033,en,Property '&1' is not allowed to be set dynamically,
SEPM_EXCEPTIONS,034,en,Bool value '&1' is invalid,
SEPM_BOR_MESSAGES,035,en,----------- BOR related messages - End - ----------,
SEPM_BOR_MESSAGES,050,en,Discard changes to product data?,
SEPM_BO_COMMON,035,en,Invalid business partner ID '&1',
SEPM_BO_COMMON,040,en,Invalid length unit '&1',
SEPM_DG,035,en,EPM Data Generator: &1 Sales Orders created,
SEPM_DG,040,en,EPM Data Generator: Data table is empty,
SEPM_DG,050,en,EPM Data Generator: Node key table is initial,
SEPM_EXCEPTIONS,035,en,Property value '&1' conflicts with other dynamic property,
SEPM_EXCEPTIONS,040,en,BO name '&1' represents no EPM BO,
SEPM_EXCEPTIONS,050,en,BO node name '&1' is invalid,
SEPM_BOR_MESSAGES,051,en,Product data saved,
SEPM_BOR_MESSAGES,103,en,EPM problem: Supplier data for Product &1 can not be retrieved,
SEPM_BO_COMMON,041,en,Invalid timestamp '&1',
SEPM_DG,041,en,EPM Data Generator: Data does not match node type,
SEPM_DG,051,en,Node &1 key &2 is invalid,
SEPM_EXCEPTIONS,041,en,Invalid SAM precondition '&1',
SEPM_EXCEPTIONS,051,en,Property is empty,
SEPM_TEST,103,en,Error in the automated tests (Report: &1 Owner: &2 &3),
SEPM_BOR_MESSAGES,036,en,Invalid product ID '&1',
SEPM_BOR_MESSAGES,052,en,No changes to save,
SEPM_BO_COMMON,036,en,Invalid product ID '&1',
SEPM_BO_COMMON,042,en,Product '&1' has no Storage Bin for Org Unit '&2',
SEPM_DG,036,en,Error: Select at least Purchase Orders or Sales Orders,
SEPM_DG,042,en,EPM Data Generator: Not all indicated records could be deleted,
SEPM_DG,052,en,EPM Data Generator: BO name &1 is invalid,
SEPM_EXCEPTIONS,036,en,This method can only be called on the root buffer,
SEPM_EXCEPTIONS,042,en,Message Class: '&1' does not exist,
SEPM_EXCEPTIONS,052,en,Field '&1' is not a key field,
SEPM_BOR_MESSAGES,104,en,EPM problem: Triggering action &1 has failed,
SEPM_BO_COMMON,037,en,Value must be positive,
SEPM_BO_COMMON,039,en,Inverse source and target unit combination not allowed,
SEPM_BO_COMMON,043,en,Storage Bin '&1' has &2 Products but requested are &3,
SEPM_DG,037,en,EPM Data Generator: &1 Transactional Data records created,
SEPM_DG,039,en,EPM Data Generator: &1 Invalid or empty node name,
SEPM_DG,043,en,EPM Data Generator: Not all indicated records could be read,
SEPM_EXCEPTIONS,037,en,Service Interface &1 could not be created,
SEPM_EXCEPTIONS,039,en,BO node name '&1' represents no EPM BO node,
SEPM_EXCEPTIONS,043,en,BO node '&1' has no data buffer,
SEPM_TEST,104,en,Number of days specified ( &1 ) is invalid,
SEPM_BOR_MESSAGES,105,en,EPM problem: Address data of Business Partner &1 can not be retrieved,
SEPM_BO_COMMON,038,en,Source and target unit combination already exists,
SEPM_DG,038,en,EPM Data Generator Started Date: &1 Time: &2,
SEPM_DG,044,en,EPM Data Generator: Channel name is empty,
SEPM_DG,053,en,EPM Data Generator: Variant name is empty,
SEPM_EXCEPTIONS,038,en,Messsage sending via service interface &1 failed,
SEPM_TEST,105,en,Reorganization of EPM administration data successfully processed,
SEPM_BOR_MESSAGES,045,en,Severe EPM error: '&1',
SEPM_BOR_MESSAGES,106,en,EPM problem: Address data of BP &1 contacts can not be retrieved,
SEPM_BO_COMMON,044,en,Org Unit '&1' does not exist,
SEPM_BO_COMMON,045,en,Invalid sales order ID '&1',
SEPM_DG,045,en,EPM Data Generator: Target list is empty,
SEPM_DG,054,en,EPM Data Generator: Parameter table is empty,
SEPM_EXCEPTIONS,044,en,BO node '&1' has no field '&2',
SEPM_EXCEPTIONS,045,en,Too many filter parameters specified (&1 maximum is &2),
SEPM_EXCEPTIONS,054,en,Invalid number range number '&1',
SEPM_TEST,106,en,Reorganization of EPM administration data has failed,
SEPM_BOR_MESSAGES,046,en,Product '&1' is locked.,
SEPM_DG,046,en,EPM Data Generator: Channel &1 does not exist,
SEPM_DG,055,en,EPM Data Generator: Target &1 has invalid type,
SEPM_DG,060,en,EPM Data Generator: PO Invoices deleted,
SEPM_EXCEPTIONS,046,en,Node key '&1' doesn't exist in buffer,
SEPM_EXCEPTIONS,055,en,End before start date,
SEPM_EXCEPTIONS,060,en,Parameter CHANGED_FIELDS does not suite parameter IT_DATA,
SEPM_TEST,110,en,Profile &1 is NOT assigned to user &2,
SEPM_TEST,200,en,***** Messages for cx_epm_test,
SEPM_BOR_MESSAGES,047,en,Product '&1' already exists,
SEPM_BOR_MESSAGES,107,en,EPM problem: Retrieval of Business Partner data [&1] has failed,
SEPM_DG,047,en,EPM Data Generator: Target &1 does not exist,
SEPM_DG,061,en,Product ID &1 does not match type &2,
SEPM_EXCEPTIONS,047,en,Set property delete disabled is not allowed when parents are not.,
SEPM_EXCEPTIONS,061,en,Language is initial,
SEPM_TEST,107,en,Role &1 is not assigned to User &2.,
SEPM_TEST,111,en,Role &1 does not have a corresponding (generated) profile,
SEPM_TEST,201,en,Invalid parameters,
SEPM_BOR_MESSAGES,048,en,Delete Product '&1'?,
SEPM_BOR_MESSAGES,049,en,Product '&1' deleted.,
SEPM_DG,048,en,EPM Data Generator: Channel &1 has a syntax error,
SEPM_DG,049,en,EPM Data Generator Stopped. Execution Time: &1 s,
SEPM_DG,056,en,EPM Data Generator: Channel &1 has invalid type,
SEPM_DG,057,en,EPM Data Generator: Invalid Parameter Value &1,
SEPM_EXCEPTIONS,048,en,Get property create enabled without keys is not allowed for child buffers,
SEPM_EXCEPTIONS,049,en,Get create enabled root properties with node keys is not allowed.,
SEPM_EXCEPTIONS,056,en,Invalid language '&1',
SEPM_EXCEPTIONS,057,en,ABAP class '&1' does not exist,
SEPM_TEST,108,en,Role &1 of user &2 is out of date.,
SEPM_DG,058,en,EPM Data Generator: Syntax error in Class &1,
SEPM_DG,062,en,EPM Data Generator: Master data created,
SEPM_DG,063,en,Data Generation Error in step &1,
SEPM_EXCEPTIONS,058,en,Content is initial,
SEPM_EXCEPTIONS,062,en,ECM: Consumer node name / node key specification is missing,
SEPM_TEST,109,en,Profile &1 of user &2 in NOT an EPM profile,
SEPM_TEST,112,en,Unexpected Role &1 for User &2,
SEPM_TEST,202,en,Test utilities already started,
SEPM_DG,059,en,Data for node &1 is empty!,
SEPM_DG,064,en,EPM Data Generator: Channel &1 has no reference target,
SEPM_DG,070,en,EPM Data Generator: Invalid number of table entries,
SEPM_EXCEPTIONS,059,en,Node key '&1' does not exist,
SEPM_EXCEPTIONS,063,en,ECM: Display name missing,
SEPM_EXCEPTIONS,064,en,ECM: Attachment content is not expected when creating a folder,
SEPM_EXCEPTIONS,070,en,Consumer node specification differs from parent folder ('&1'/'&2'),
SEPM_BO_COMMON,300,en,Purchase order must have cofirmation status 'confirmed',
SEPM_DG,065,en,EPM Data Generator: Invalid snapshot key,
SEPM_DG,066,en,EPM Data Generator: Error! See log for details.,
SEPM_DG,071,en,EPM Data Generator: Data Manipulation error,
SEPM_EXCEPTIONS,065,en,ECM: Attachment content has not been specified,
SEPM_EXCEPTIONS,066,en,Operation '&1' has failed node ='&2' node key = '&3',
SEPM_EXCEPTIONS,071,en,Non unique field '&1',
SEPM_TEST,203,en,Invalid state,
SEPM_BO_COMMON,301,en,Purchase order has a different business partner,
SEPM_DG,067,en,EPM Data Generator: Error transforming XML,
SEPM_DG,068,en,EPM Data Generator: See Log for details,
SEPM_DG,072,en,EPM Data Generator: All Data Deleted,
SEPM_DG,080,en,***Average generation time: &1 sec.,
SEPM_EXCEPTIONS,067,en,Operation '&1' of node '&2' is only allowed in batch mode,
SEPM_EXCEPTIONS,068,en,Action parameters are missing,
SEPM_EXCEPTIONS,072,en,Action '&1' does not exist,
SEPM_TEST,204,en,Session is running as local test,
SEPM_TEST,205,en,Test already running,
SEPM_BO_COMMON,400,en,Sales order must have lifecycle status 'In Process',
SEPM_DG,069,en,No parameters found,
SEPM_DG,073,en,Error: List of Products is empty,
SEPM_DG,074,en,Error: Invalid Product,
SEPM_DG,081,en,Package size: &1 records,
SEPM_EXCEPTIONS,069,en,Parent node ( node key = '&1' ) is not an attachment folder,
SEPM_EXCEPTIONS,073,en,Method '&1' does not exist,
SEPM_EXCEPTIONS,074,en,Switching the processor context in a session is not allowed,
SEPM_TEST,206,en,Test sequence cancelled after error,
SEPM_BOR_MESSAGES,150,en,----------- BOR related messages - End - ----------,
SEPM_BO_COMMON,302,en,Purchase order has a different gross amount,
SEPM_BO_COMMON,500,en,---  Planning Engine Messages -------------------------------------------,
SEPM_DG,075,en,Error: Invalid User,
SEPM_DG,076,en,One or more EPM sessions are active,
SEPM_DG,082,en,No. of Transactional records: &1,
SEPM_EXCEPTIONS,075,en,Cannot obtain lock for Unit Test: '&1',
SEPM_EXCEPTIONS,076,en,Inconsistent message payload,
SEPM_TEST,210,en,The specified test sequence (&1) is unknown.,
SEPM_TEST,211,en,The requested state transition (&1) is invalid.,
SEPM_BO_COMMON,303,en,Purchase order has a different net amount,
SEPM_BO_COMMON,501,en,Goods Issue for Sales Order ID &1 created,
SEPM_DG,077,en,Data Generator may be running!,
SEPM_DG,078,en,Number of iterations: &1,
SEPM_DG,083,en,Recreate Master Data: Selected,
SEPM_DG,090,en,EPM Data Generator: Goods Issue records deleted,
SEPM_DG,091,en,EPM Data Generator: SO Invoices deleted,
SEPM_EXCEPTIONS,077,en,Invalid Org Unit,
SEPM_EXCEPTIONS,078,en,Unspported filter option '&1',
SEPM_TEST,207,en,Storing test contexts in persistency layer has failed,
SEPM_TEST,208,en,Foreign lock exists,
SEPM_BO_COMMON,304,en,Purchase order has a different tax amount,
SEPM_BO_COMMON,305,en,Purchase order has a different currency code,
SEPM_BO_COMMON,502,en,Purchase Order ID &1 created,
SEPM_DG,079,en,***Total generation time: &1 sec.,
SEPM_DG,084,en,Recreate Purchase Orders: Selected,
SEPM_DG,085,en,Recreate Sales Orders: Selected,
SEPM_DG,086,en,Error: System User &1 does not exist,
SEPM_DG,092,en,EPM Data Generator: &1 Goods Issue records created,
SEPM_EXCEPTIONS,079,en,Invalid Org Unit name &1,
SEPM_TEST,209,en,A system failure occured during a locking operation,
SEPM_TEST,212,en,Test session (&1) has not come to an end yet - cant get log entries,
SEPM_TEST,220,en,Retrieving EPM context data has failed,
SEPM_DG,087,en,Added &1 System User(s) to ITelO Employees,
SEPM_DG,088,en,Error: No Users were added as ITelO Employees,
SEPM_DG,093,en,EPM Data Generator: Target Initialization Error,
SEPM_TEST,213,en,The EPM test environment is not active - operation not possible,
SEPM_TEST,214,en,No test context available for specified selection criteria,
SEPM_TEST,221,en,Initialization has already been done for another mode,
SEPM_BO_COMMON,306,en,Purchase order item has a different product,
SEPM_BO_COMMON,307,en,Purchase order item has a different gross amount,
SEPM_BO_COMMON,308,en,Purchase order item has a different net amount,
SEPM_BO_COMMON,310,en,Purchase order item has a different currency code,
SEPM_BO_COMMON,311,en,Purchase order schedule line has a different quantity,
SEPM_DG,089,en,EPM Data Generator: Goods Receipts deleted,
SEPM_TEST,215,en,Creation of test sequence identifier has failed,
SEPM_TEST,216,en,Storing the state of test sequence (&1) test session (&2) has failed,
SEPM_TEST,222,en,Timeout value (&1) is too large. Maximum value = 3600 seconds.,
SEPM_BO_COMMON,309,en,Purchase order item has a different tax amount,
SEPM_BO_COMMON,312,en,Purchase order schedule line has a different quantity unit,
SEPM_TEST,217,en,The specification of a test session id is required,
SEPM_TEST,218,en,Test environment has not been initialized yet - operation is not possible,
SEPM_TEST,219,en,Creation of test session id has failed,
SEPM_TEST,223,en,Job recurrence must be at least one day,
SEPM_TEST,224,en,Job planning failed,
SEPM_BO_COMMON,313,en,Purchase order has a different number of items,
SEPM_BO_COMMON,314,en,Purchase order item has a different position number,
SEPM_BO_COMMON,315,en,Product '&1' is not offered by the supplier of the purchase order,
SEPM_BO_COMMON,299,en,--- PO Messages ---------------------------------------------------------,
SEPM_BO_COMMON,399,en,--- SO Messages ---------------------------------------------------------,
SEPM_TEST,990,en,This is a test message with 4 parameters: P1=&1 P2=&2 P3=&3 P4=&4,
SEPM_TEST,991,en,This is a test message with 4 parameters: P5=&1 P6=&2 P7=&3 P8=&4,
SEPM_TEST,992,en,This is a test message with 4 parameters: P9=&1 PA=&2 PB=&3 PC=&4,
SEPM_TEST,993,en,Invalid value (&1) for header field &2 detected,
SEPM_BOR_MESSAGES,001,de,EPM-Problem: &1,
SEPM_BO_COMMON,001,de,Operation &1 fehlgeschlagen,
SEPM_DG,001,de,Benutzer &1 nicht in Tabelle SNWD_LOCAL_USERS gefunden,
SEPM_EXCEPTIONS,001,de,Datentyp entspricht nicht Puffertyp,
SEPM_SALES_ON_DEMAND,001,de,Vom Sender wurden keine Routing-Informationen angegeben,
SEPM_TEST,001,de,Interner Fehler: Fehler in EPM-Testinfrastruktur,
SEPM_WD,001,de,Partner-ID existiert nicht,
SEPM_BOR_MESSAGES,002,de,Konsumentenproblem: Diskrepanz bei Produkt-ID [&1],
SEPM_BO_COMMON,002,de,Element wird von Benutzer &1 gesperrt,
SEPM_DG,002,de,EPM-Stammdaten müssen für Benutzer &1 neu angelegt werden,
SEPM_EXCEPTIONS,002,de,BO-Name &1 ist ungültig,
SEPM_PI_MESSAGES,001,de,Kein logischer Port gefunden für Proxy&1 in Konfigurationstabelle &2,
SEPM_PI_MESSAGES,002,de,Message über WS-Proxy &1 gesendet. Verarbeitungszeit: &2 s,
SEPM_SALES_ON_DEMAND,002,de,Logisches Partnersystem '&1' ist unbekannt,
SEPM_WD,002,de,Produkt-ID existiert nicht,
SEPM_BOR_MESSAGES,003,de,Konsumentenproblem: &1,
SEPM_BO_COMMON,003,de,Wert &1 ist für Feld &2 ungültig,
SEPM_DG,003,de,EPM-Datengenerierer gesperrt von Benutzer &1,
SEPM_EXCEPTIONS,003,de,Ungültiger Abfrageparameterwert. Parameter = &1 Wert = &2,
SEPM_SALES_ON_DEMAND,003,de,Die Daten für die EPM-Testumgebung wurden nicht vollständig angegeben,
SEPM_WD,003,de,Sicherung nicht ausgeführt,
SEPM_BOR_MESSAGES,004,de,EPM-Problem: Abruf der Produktdaten [&1] ist fehlgeschlagen,
SEPM_BO_COMMON,004,de,Ungültige Maßeinheit '&1',
SEPM_DG,004,de,EPM-Datengenerierer: Stammdaten gelöscht,
SEPM_EXCEPTIONS,004,de,BO-Knoten &1 hat keinen übergeordneten Knoten,
SEPM_FPM,003,de,Positionen fehlen,
SEPM_PI_MESSAGES,003,de,Fehler beim Senden von WS-Message über Proxy&1:&2,
SEPM_SALES_ON_DEMAND,004,de,Angabe der Opportunity-Daten (Kopf Position Einteilung) fehlt,
SEPM_WD,004,de,Bestellung & angelegt,
SEPM_BOR_MESSAGES,005,de,Konsumentenproblem: Ändern von &1 ist fehlgeschlagen,
SEPM_BO_COMMON,005,de,Produkt existiert nicht,
SEPM_DG,005,de,EPM-Datengenerierer: Mitarbeiterdaten angelegt,
SEPM_EXCEPTIONS,005,de,DB-Tabeller '&1' existiert nicht,
SEPM_PI_MESSAGES,004,de,Parameter &1 &2 und &3 müssen auf 'true' gesetzt sein,
SEPM_BOR_MESSAGES,000,de,------------ Meldungen zum BOR - Anfang - -----------,
SEPM_BO_COMMON,000,de,Arithmetischer Überlauf: Operation &1 kann nicht ausgeführt werden,
SEPM_FPM,005,de,Der Betrag ist zu groß (reduzieren Sie die Mengen),
SEPM_SALES_ON_DEMAND,005,de,Ungültige Opportunity-Kopfdaten: &1,
SEPM_TEST,000,de,***** Fehler in der Testinfrastruktur,
SEPM_WD,005,de,Bestellung & geändert,
SEPM_BOR_MESSAGES,006,de,EPM-Problem: Ändern von &1 ist fehlgeschlagen,
SEPM_BO_COMMON,006,de,BO-Listener &1 enthält Fehler (&2),
SEPM_DG,006,de,EPM-Datengenerierer: Geschäftspartnerdaten angelegt,
SEPM_EXCEPTIONS,006,de,Knotenschlüssel ist initial,
SEPM_FPM,000,de,Daten wurden gesichert,
SEPM_PI_MESSAGES,000,de,Logischer Port &1 ist ungültig,
SEPM_SALES_ON_DEMAND,000,de,==== IDoc-Eingangsverarbeitung ============================,
SEPM_BOR_MESSAGES,010,de,EPM-Problem: Löschen von &1 ist fehlgeschlagen,
SEPM_DG,010,de,Datei &1 nicht auf Backend gefunden,
SEPM_EXCEPTIONS,010,de,Übergeordneter Schlüssel ist initial,
SEPM_SALES_ON_DEMAND,006,de,EPM-Laufzeitfehler: &1,
SEPM_WD,006,de,Bestellung & akzeptiert,
SEPM_BOR_MESSAGES,007,de,Konsumentenproblem: Lieferanten-ID und Lieferantenname passen nicht: &1,
SEPM_BO_COMMON,007,de,Ungültiger Adresstyp '&1',
SEPM_DG,007,de,EPM-Datengenerierer: Produktdaten angelegt,
SEPM_EXCEPTIONS,007,de,'&1' ist keine EPM-DB-Tabelle,
SEPM_SALES_ON_DEMAND,010,de,Positionsdaten von Kundenauftrag für Opportunity &1 nicht aktualisiert,
SEPM_WD,010,de,Bestellung & existiert nicht,
SEPM_BOR_MESSAGES,011,de,EPM-Problem: Lieferantendaten für Produkt &1 werden nicht abgerufen,
SEPM_BO_COMMON,011,de,Aktualisieren von Daten in Feld &1 ist nicht erlaubt,
SEPM_EXCEPTIONS,011,de,Tabelle der Knotenschlüssel ist leer,
SEPM_SALES_ON_DEMAND,007,de,Ungültige Opportunity-Positionsdaten: &1,
SEPM_WD,007,de,Bestellung & abgelehnt,
SEPM_BOR_MESSAGES,008,de,Konsumentenproblem: ID für Lieferant [&1] angeben,
SEPM_BO_COMMON,008,de,Ungültige Sprache &1,
SEPM_DG,008,de,EPM-Datengenerierer: Bestellungen gelöscht,
SEPM_EXCEPTIONS,008,de,Doppelter Schlüssel '&1',
SEPM_SALES_ON_DEMAND,011,de,Einteilungsdaten von Kundenauftrag für Opportunity &1 nicht aktualisiert,
SEPM_WD,008,de,Bestellung & gesendet,
SEPM_WD,011,de,Keine Mitarbeiter-ID in Tabelle &1 für Benutzer &2 gefunden,
SEPM_BOR_MESSAGES,012,de,Konsumentenproblem: ungültige Produkt-ID [&1] in Umrechnungsfaktordaten,
SEPM_BO_COMMON,012,de,Löschen ist aufgrund des Eigenschaftswerts nicht erlaubt,
SEPM_DG,012,de,Fehler: Snapshot-Schlüssel darf nicht leer sein,
SEPM_EXCEPTIONS,012,de,Bearbeitungsmodus '&1' ist ungültig,
SEPM_SALES_ON_DEMAND,008,de,Ungültige Opportunity-Einteilungsdaten: &1,
SEPM_SALES_ON_DEMAND,012,de,Positionsdaten von Kundenauftrag für Opportunity &1 wurden nicht angelegt,
SEPM_WD,012,de,Produktbild konnte nicht geändert werden,
SEPM_BOR_MESSAGES,009,de,EPM-Problem: Anlegen von &1 ist fehlgeschlagen,
SEPM_BO_COMMON,009,de,Aktion &1 ist nicht aktiviert,
SEPM_DG,009,de,EPM-Datengenerierer: &1 Bestellungen angelegt,
SEPM_DG,013,de,EPM-Datengenerierer: Datenbank-Snapshot exportiert,
SEPM_EXCEPTIONS,009,de,Operation '&1' fehlgeschlagen. Ursache: &2,
SEPM_EXCEPTIONS,013,de,Datentabelle ist leer,
SEPM_SALES_ON_DEMAND,009,de,IDoc-Problem: &1,
SEPM_WD,009,de,Auswahl auf &1 Treffer beschränkt (&2 Einträge in der Datenbank gefunden),
SEPM_BOR_MESSAGES,013,de,Konsumentenproblem: Information zur Umrechungsfaktoränderung für &1 fehlt,
SEPM_BOR_MESSAGES,014,de,Konsumentenproblem: mehrfache Umrechnungsfaktordaten für &1,
SEPM_BO_COMMON,013,de,Anlegen ist aufgrund des Eigenschaftswerts nicht erlaubt,
SEPM_BO_COMMON,014,de,Systemausfall: Element kann nicht gesperrt werden,
SEPM_DG,014,de,EPM-Datengenerierer: Datenbank-Snapshot importiert,
SEPM_EXCEPTIONS,014,de,Nachrichtenpuffer ist ungültig,
SEPM_SALES_ON_DEMAND,013,de,Einteilungsdaten von Kundenauftrag für Opportunity &1 nicht angelegt,
SEPM_WD,013,de,Bestellung & gelöscht,
SEPM_BOR_MESSAGES,015,de,Konsumentenproblem: ungültige Produkt-ID [&1] in Info zu UmrechFaktÄnder.,
SEPM_BO_COMMON,015,de,Knotenelement vom Typ &1 konnte nicht angelegt werden,
SEPM_DG,015,de,EPM-Datengenerierer: Datenbank-Snapshot gelöscht,
SEPM_EXCEPTIONS,015,de,Knotenschlüsselfeldname ( &1 ) für DB-Tabelle &2 existiert nicht,
SEPM_WD,014,de,Menge muss größer 0 sein,
SEPM_BOR_MESSAGES,016,de,Konsumentenproblem: Umrechnungsfaktordaten für &1 bereits vorhanden,
SEPM_BOR_MESSAGES,020,de,Konsumentenproblem: mehrere Infos zur Umrechungsfaktoränderung für &1,
SEPM_BO_COMMON,016,de,Knotenelement vom Typ &1 konnte nicht gelöscht werden,
SEPM_BO_COMMON,020,de,Ungültiges Währungskürzel &1,
SEPM_DG,016,de,EPM-Datengenerierer: Nummernkreise angelegt,
SEPM_DG,020,de,EPM-Datengenerierer: Alle Datenbank-Snapshots gelöscht,
SEPM_EXCEPTIONS,016,de,Zu viele Selektionsparameter (&1) für DB-Tabelle &2 angegeben,
SEPM_EXCEPTIONS,020,de,Ungültige Sortierfolge (&1) für Feld (&2) von DB &3 angegeben,
SEPM_BOR_MESSAGES,021,de,Konsumentenproblem: ungültiger BOR-Schlüssel [&1] in BAPI-Daten,
SEPM_BO_COMMON,021,de,Fehlende Einteilung,
SEPM_DG,021,de,Fehler: Geben Sie ein gültiges Währungskürzel ein,
SEPM_EXCEPTIONS,021,de,Widersprüchliche Paging-Optionen für DB-Tabelle &1 angegeben,
SEPM_BOR_MESSAGES,017,de,Konsumentenproblem: keine Umrechnungsfaktordaten für &1 vorhanden,
SEPM_BOR_MESSAGES,022,de,Konsumentenproblem: übergeordnete Daten für &1 fehlen,
SEPM_BO_COMMON,017,de,Fehler während des Kommunikationsschritts &1 aufgetreten,
SEPM_BO_COMMON,022,de,Wert muss größer 0 sein,
SEPM_DG,017,de,EPM-Datengenerierer: Nummernkreise zurückgesetzt,
SEPM_DG,022,de,Fehler: Geben Sie die Anzahl der Bestellungen ein,
SEPM_EXCEPTIONS,017,de,Selektionsparameterfeldname &1 existiert nicht für DB-Tabelle &1,
SEPM_EXCEPTIONS,022,de,Übergeordneter Schlüssel '&1' existiert nicht,
SEPM_BOR_MESSAGES,018,de,Konsumentenproblem: ungültiger Aktionscode &1 in Info zu UmrechFaktÄnder.,
SEPM_BOR_MESSAGES,019,de,Konsumentenproblem: Umrechnungsfaktordaten für &1 fehlen,
SEPM_BO_COMMON,018,de,Text ist bereits für Sprache &1 vorhanden,
SEPM_BO_COMMON,019,de,Berechtigung fehlt,
SEPM_DG,018,de,Fehler: Snapshot-Schlüssel nicht gefunden,
SEPM_DG,019,de,Fehler: Snapshot kann nicht geschrieben werden,
SEPM_EXCEPTIONS,018,de,Ungültiger Wert (&1) f. Parameter 'Maximale Anzahl auszuwählender Zeilen',
SEPM_EXCEPTIONS,019,de,Feldname (&1) existiert nicht für DB-Tabelle &2,
SEPM_BOR_MESSAGES,023,de,Konsumentenproblem: doppelte BAPI-Daten für &1,
SEPM_BO_COMMON,023,de,Ungültige Kategorie '&1',
SEPM_BO_COMMON,024,de,Wert darf nicht negativ sein,
SEPM_DG,023,de,Fehler: Liste der Benutzer ist leer,
SEPM_DG,024,de,Fehler: ungültige Datumsangabe,
SEPM_EXCEPTIONS,023,de,Tabelle der Alternativschlüssel ist leer,
SEPM_EXCEPTIONS,024,de,Alternativschlüsselfeld &1 existiert nicht für BO-Knoten &2,
SEPM_BOR_MESSAGES,024,de,EPM-Problem: Abruf der Kundenauftragsdaten [&1] ist fehlgeschlagen,
SEPM_BOR_MESSAGES,025,de,EPM-Problem: Geschäftspartner für Kundenauftrag &1 wird nicht abgerufen,
SEPM_BO_COMMON,025,de,Identifikator existiert bereits,
SEPM_BO_COMMON,030,de,Ungültiges Assoziationsziel,
SEPM_DG,025,de,EPM-Datengenerierer: Firmendaten angelegt,
SEPM_DG,030,de,EPM-Datengenerierer: Enterprise Search verfügbar,
SEPM_EXCEPTIONS,025,de,Wurzeldatenpuffer hat keinen übergeordneten Puffer,
SEPM_EXCEPTIONS,030,de,Nachricht ist ungültig,
SEPM_BOR_MESSAGES,026,de,EPM-Problem: Mitarbeiterdaten für Kundenauftrag &1 werden nicht abgerufen,
SEPM_BOR_MESSAGES,030,de,Konsumentenproblem: Geschäftspartner-ID und Firmenname nicht passend: &1,
SEPM_BOR_MESSAGES,101,de,Workflow: das Auslösen eines Ereignisses für &1 ist fehlgeschlagen,
SEPM_BO_COMMON,026,de,Ungültiger Typcode &1,
SEPM_DG,026,de,EPM-Datengenerierer: Temporäre MIME-Datei gelöscht,
SEPM_EXCEPTIONS,026,de,Alternativschlüssel ist initial,
SEPM_TEST,101,de,Automatische Tests waren erfolgreich,
SEPM_BOR_MESSAGES,031,de,Konsumentenproblem: Feldwerte müssen initial sein: &1,
SEPM_BOR_MESSAGES,100,de,------------ Meldungen zum BOR - Anfang - -----------,
SEPM_BO_COMMON,031,de,Zirkeldefinition der Organisationseinheit,
SEPM_DG,031,de,EPM-Datengenerierer: Enterprise Search nicht verfügbar,
SEPM_EXCEPTIONS,031,de,Entitätsname der Eigenschaft &1 ist ungültig,
SEPM_FPM,100,de,Fehler aufgetreten: &1,
SEPM_TEST,100,de,***** Nachrichten von Hilfsklassen,
SEPM_BOR_MESSAGES,027,de,EPM-Problem: es gibt keine Einteilungsdaten für Position &1,
SEPM_BOR_MESSAGES,032,de,Konsumentenproblem: Diskrepanz bei Kundenauftrags-ID [&1],
SEPM_BO_COMMON,027,de,Ungültiger Steuertarifcode &1,
SEPM_BO_COMMON,032,de,Wert '&1' ist nicht eindeutig,
SEPM_DG,027,de,Fehler: Liste der Systembenutzer ist initial,
SEPM_DG,032,de,EPM-Datengenerierer: Aktualisierung der EPM-Indizes angestoßen,
SEPM_EXCEPTIONS,027,de,Ungültiger Sortierfeldname (&1) für DB &2 angegeben,
SEPM_EXCEPTIONS,032,de,Eigenschaftsname &1 ist ungültig,
SEPM_BOR_MESSAGES,028,de,EPM-Problem: Abruf der Produktdaten für Position &1 ist fehlgeschlagen,
SEPM_BOR_MESSAGES,102,de,EPM-Problem: Abrufen von Produktdaten [&1] ist fehlgeschlagen,
SEPM_BO_COMMON,028,de,Ungültige Gewichtseinheit &1,
SEPM_BO_COMMON,033,de,Ungültige Rolle '&1',
SEPM_DG,028,de,Benutzer &1 wurde zu neuer Org &2 neu zugeordnet,
SEPM_DG,033,de,EPM-Datengenerierer: Aktualisierung der Suchindizes nicht angestoßen,
SEPM_EXCEPTIONS,028,de,Ungültiger Selektionsfeldname (&1) für DB &2 angegeben,
SEPM_EXCEPTIONS,033,de,Eigenschaft &1 darf nicht auf dynamisch gesetzt werden,
SEPM_TEST,102,de,Automatische Tests fehlgeschlagen,
SEPM_BOR_MESSAGES,029,de,EPM-Problem: Abruf der Geschäftspartnerdaten [&1] ist fehlgeschlagen,
SEPM_BOR_MESSAGES,034,de,Feature &1 noch nicht unterstützt,
SEPM_BOR_MESSAGES,050,de,Änderungen an Produktdaten verwerfen?,
SEPM_BO_COMMON,029,de,Falsche Anzahl an untergeordneten Knotenelementen,
SEPM_BO_COMMON,034,de,Ungültiges Geschlecht '&1',
SEPM_DG,029,de,EPM-Datengenerierer: Bereinigung erfolgt,
SEPM_DG,034,de,EPM-Datengenerierer: Kundenaufträge gelöscht,
SEPM_DG,050,de,EPM-Datengenerierer: Knotenschlüsseltabelle ist initial,
SEPM_EXCEPTIONS,029,de,Tabelle für Nachrichtenpuffer ist ungültig,
SEPM_EXCEPTIONS,034,de,Boolescher Wert &1 ist ungültig,
SEPM_EXCEPTIONS,050,de,BO-Knotenname &1 ist ungültig,
SEPM_BOR_MESSAGES,035,de,------------ Meldungen zum BOR - Ende - -----------,
SEPM_BOR_MESSAGES,103,de,EPM-Problem: Lieferantendaten für Produkt &1 werden nicht abgerufen,
SEPM_BO_COMMON,035,de,Ungültige Geschäftspartner-ID '&1',
SEPM_BO_COMMON,040,de,Ungültige Längeneinheit '&1',
SEPM_DG,035,de,EPM-Datengenerierer: &1 Kundenaufträge angelegt,
SEPM_DG,040,de,EPM-Datengenerierer: Datentabelle ist leer,
SEPM_EXCEPTIONS,035,de,Eigenschaftswert &1 ist im Konflikt mit anderer dynamischer Eigenschaft,
SEPM_EXCEPTIONS,040,de,BO-Name &1 stellt kein EPM-BO dar,
SEPM_TEST,103,de,Fehler in automatischen Tests (Report: &1 Besitzer: &2 &3),
SEPM_BOR_MESSAGES,036,de,Ungültige Produkt-ID '&1',
SEPM_BOR_MESSAGES,051,de,Produktdaten gesichert,
SEPM_BO_COMMON,036,de,Ungültige Produkt-ID '&1',
SEPM_BO_COMMON,041,de,Ungültiger Zeitstempel '&1',
SEPM_DG,036,de,Fehler: Wählen Sie zumindest Bestellungen oder Kundenaufträge aus,
SEPM_DG,041,de,EPM-Datengenerierer: Daten entsprechen nicht dem Knotentyp,
SEPM_DG,051,de,Knoten &1 Schlüssel &2 ist ungültig,
SEPM_EXCEPTIONS,036,de,Diese Methode kann nur im Wurzelpuffer aufgerufen werden,
SEPM_EXCEPTIONS,041,de,Ungültige SAM-Vorbedingung '&1',
SEPM_EXCEPTIONS,051,de,Eigenschaft ist leer,
SEPM_BOR_MESSAGES,052,de,Keine Änderungen zu sichern,
SEPM_BOR_MESSAGES,104,de,EPM-Problem: auslösende Aktion &1 ist fehlgeschlagen,
SEPM_BO_COMMON,042,de,Produkt '&1' hat keinen Lagerplatz für Organisationseinheit '&2',
SEPM_DG,037,de,EPM-Datengenerierer: &1 Sätze mit Transaktionsdaten angelegt,
SEPM_DG,042,de,EPM-Datengenerierer: nicht alle angegebenen Sätze konnten gelöscht werden,
SEPM_DG,052,de,EPM-Datengenerierer: BO-Name &1 ist ungültig,
SEPM_EXCEPTIONS,042,de,Nachrichtenklasse: &1 existiert nicht,
SEPM_EXCEPTIONS,052,de,Feld &1 ist kein Schlüsselfeld,
SEPM_TEST,104,de,Anzahl der angegebenen Tage ( &1 ) ist ungültig,
SEPM_BOR_MESSAGES,105,de,EPM-Problem: Adressdaten von Geschäftspartner &1 werden nicht abgerufen,
SEPM_BO_COMMON,037,de,Wert muss positiv sein,
SEPM_BO_COMMON,038,de,Kombination von Quell- und Zieleinheit existiert bereits,
SEPM_BO_COMMON,043,de,Lagerplatz '&1' verfügt über &2 Produkte aber verlangt werden &3,
SEPM_DG,038,de,EPM-Datengenerierer gestartet am: &1 um: &2,
SEPM_DG,043,de,EPM-Datengenerierer: nicht alle angegebenen Sätze konnten gelesen werden,
SEPM_EXCEPTIONS,037,de,Service-Interface &1 konnte nicht angelegt werden,
SEPM_EXCEPTIONS,038,de,Nachricht konnte nicht über Service-Interface &1 gesendet werden,
SEPM_EXCEPTIONS,043,de,BO-Knoten &1 hat keinen Datenpuffer,
SEPM_TEST,105,de,Neuorganisation von EPM-Verwaltungsdaten erfolgreich durchgeführt,
SEPM_BOR_MESSAGES,045,de,Schwerwiegender EPM-Fehler: '&1',
SEPM_BO_COMMON,039,de,Umgekehrte Kombination von Quell- und Zieleinheit ist nicht erlaubt,
SEPM_BO_COMMON,044,de,Organisationseinheit '&1' existiert nicht,
SEPM_BO_COMMON,045,de,Ungültige Kundenauftrags-ID '&1',
SEPM_DG,039,de,EPM-Datengenerierer: &1 ungültiger oder leerer Knotenname,
SEPM_DG,044,de,EPM-Datengenerierer: Kanalname ist leer,
SEPM_DG,045,de,EPM-Datengenerierer: Zielliste ist leer,
SEPM_DG,053,de,EPM-Datengenerierer: Variantenname ist leer,
SEPM_EXCEPTIONS,039,de,BO-Knotenname &1 stellt keinen EPM-BO-Knoten dar,
SEPM_EXCEPTIONS,044,de,BO-Knoten &1 hat kein Feld &2,
SEPM_EXCEPTIONS,045,de,Zu viele Filterparameter angegeben (&1,
SEPM_BOR_MESSAGES,046,de,Produkt '&1' ist gesperrt.,
SEPM_BOR_MESSAGES,106,de,EPM-Problem: Adressdaten von Ansprechpartn. von GP &1 werden n. abgerufen,
SEPM_DG,046,de,EPM-Datengenerierer: Kanal &1 existiert nicht,
SEPM_DG,054,de,EPM-Datengenerierer: Parametertabelle ist leer,
SEPM_DG,055,de,EPM-Datengenerierer: Ziel &1 hat ungültigen Typ,
SEPM_EXCEPTIONS,046,de,Knotenschlüssel &1 existiert nicht im Puffer,
SEPM_EXCEPTIONS,054,de,Ungültige Nummer &1 in Nummernkreis,
SEPM_TEST,106,de,Neuorganisation von EPM-Verwaltungsdaten fehlgeschlagen,
SEPM_TEST,110,de,Profil &1 ist Benutzer &2 nicht zugewiesen,
SEPM_BOR_MESSAGES,047,de,Produkt '&1' existiert bereits,
SEPM_DG,047,de,EPM-Datengenerierer: Ziel &1 existiert nicht,
SEPM_DG,060,de,EPM-Datengenerierer: Rechnungen für Bestellungen gelöscht,
SEPM_EXCEPTIONS,047,de,Eigensch. Delete-disabled setzen n. mgl. wenn überg. Knoten dies n. sind,
SEPM_EXCEPTIONS,055,de,Ende liegt vor dem Startdatum,
SEPM_EXCEPTIONS,060,de,Parameter CHANGED_FIELDS passt nicht zu Parameter IT_DATA,
SEPM_TEST,200,de,***** Nachrichten für cx_epm_test,
SEPM_TEST,201,de,Ungültige Parameter,
SEPM_BOR_MESSAGES,048,de,Produkt '&1' löschen?,
SEPM_BOR_MESSAGES,107,de,EPM-Problem: Abruf der Geschäftspartnerdaten [&1] ist fehlgeschlagen,
SEPM_DG,048,de,EPM-Datengenerierer: Kanal &1 hat einen Syntaxfehler,
SEPM_DG,056,de,EPM-Datengenerierer: Kanal &1 hat ungültigen Typ,
SEPM_DG,061,de,Produkt-ID &1 entspricht nicht dem Typ &2,
SEPM_EXCEPTIONS,048,de,Eigenschaft Create-Enabled ohne Schlüssel holen n. mögl. f. unterg. Puff.,
SEPM_EXCEPTIONS,056,de,Ungültige Sprache &1,
SEPM_EXCEPTIONS,061,de,Sprache ist initial,
SEPM_TEST,107,de,Benutzer &2 hat Rolle &1 nicht zugewiesen.,
SEPM_TEST,111,de,Rolle &1 hat kein entsprechendes (generiertes) Profil,
SEPM_BOR_MESSAGES,049,de,Produkt '&1' gelöscht.,
SEPM_DG,049,de,EPM-Datengenerierer gestoppt. Ausführungszeit: &1 s,
SEPM_DG,057,de,EPM-Datengenerierer: ungültiger Parameterwert &1,
SEPM_DG,062,de,EPM-Datengenerierer: Stammdaten angelegt,
SEPM_EXCEPTIONS,049,de,Wurzeleigenschaften Create-Enabled m. Knotenschlüssel holen nicht erlaubt,
SEPM_EXCEPTIONS,057,de,ABAP-Klasse '&1' existiert nicht,
SEPM_TEST,108,de,Rolle &1 von Benutzer &2 ist veraltet,
SEPM_TEST,112,de,Unerwartete Rolle &1 für Benutzer &2,
SEPM_TEST,202,de,Testinfrastruktur bereits gestartet,
SEPM_DG,058,de,EPM-Datengenerierer: Syntaxfehler in Klasse &1,
SEPM_DG,059,de,Daten für Knoten &1 sind leer,
SEPM_DG,063,de,Datengenerierungsfehler in Schritt &1,
SEPM_EXCEPTIONS,058,de,Inhalt ist initial,
SEPM_EXCEPTIONS,062,de,ECM: Angabe des Consumer-Knotennamens/-schlüssels fehlt,
SEPM_EXCEPTIONS,063,de,ECM: Anzeigename fehlt,
SEPM_TEST,109,de,Profil &1 von Benutzer &2 ist kein EPM-Profil,
SEPM_DG,064,de,EPM-Datengenerierer: Kanal &1 hat kein Referenzziel,
SEPM_DG,065,de,EPM-Datengenerierer: ungültiger Snapshot-Schlüssel,
SEPM_DG,070,de,EPM-Datengenerierer: ungültige Anzahl von Tabelleneinträgen,
SEPM_DG,071,de,EPM-Datengenerierer: Datenbearbeitungsfehler,
SEPM_EXCEPTIONS,059,de,Knotenschlüssel '&1' existiert nicht,
SEPM_EXCEPTIONS,064,de,ECM: Anlageninhalt wird beim Anlegen eines Ordners nicht erwartet,
SEPM_EXCEPTIONS,065,de,ECM: Anlageninhalt wurde nicht angegeben,
SEPM_EXCEPTIONS,070,de,Consumer-Knoten und übergeordneter Ordner ('&1'/'&2') unterscheiden sich,
SEPM_EXCEPTIONS,071,de,Nicht eindeutiges Feld '&1',
SEPM_TEST,203,de,Ungültiger Status,
SEPM_BO_COMMON,300,de,Bestellung muss Bestätigungstatus 'bestätigt' haben,
SEPM_DG,066,de,EPM-Datengenerierer: Fehler,
SEPM_DG,067,de,EPM-Datengenerierer: Fehler beim Umwandeln von XML,
SEPM_DG,072,de,EPM-Datengenerierer: alle Daten gelöscht,
SEPM_EXCEPTIONS,066,de,Operation '&1' ist fehlgeschlagen Knoten ='&2' Knotenschlüssel = '&3',
SEPM_EXCEPTIONS,067,de,Operation '&1' von Knoten '&2' ist nur im Hintergrundmodus erlaubt,
SEPM_EXCEPTIONS,072,de,Aktion '&1' existiert nicht,
SEPM_TEST,204,de,Sitzung wird als lokaler Test durchgeführt,
SEPM_TEST,205,de,Test wird bereits durchgeführt,
SEPM_BO_COMMON,301,de,Bestellung hat einen unterschiedlichen Geschäftspartner,
SEPM_DG,068,de,EPM-Datengenerierer: Einzelheiten finden Sie im Protokoll,
SEPM_DG,069,de,Keine Parameter gefunden,
SEPM_DG,073,de,Fehler: Produktliste ist leer,
SEPM_DG,080,de,***Durchschnittliche Generierungszeit: &1 Sek.,
SEPM_DG,081,de,Paketgröße: &1 Sätze,
SEPM_EXCEPTIONS,068,de,Aktionsparameter fehlen,
SEPM_EXCEPTIONS,069,de,Übergeordneter Knoten ( Knotenschlüssel = '&1' ) ist kein Anlagenordner,
SEPM_TEST,206,de,Testsequenz nach Fehler abgebrochen,
SEPM_BO_COMMON,302,de,Bestellung hat einen unterschiedlichen Bruttobetrag,
SEPM_BO_COMMON,400,de,Kundenauftrag muss Lebenszyklusstatus 'In Bearbeitung' haben,
SEPM_BO_COMMON,500,de,---  Nachrichten zur Planungs-Engine ------------------------------------,
SEPM_DG,074,de,Fehler: ungültiges Podukt,
SEPM_DG,075,de,Fehler: ungültiger Benutzer,
SEPM_DG,082,de,Anzahl von transaktionalen Sätzen: &1,
SEPM_EXCEPTIONS,073,de,Methode '&1' existiert nicht,
SEPM_EXCEPTIONS,074,de,Umschalten des Prozessorkontexts in einem Modus ist nicht erlaubt,
SEPM_EXCEPTIONS,075,de,Keine Sperre für Unit-Test erhalten: '&1',
SEPM_BOR_MESSAGES,150,de,------------ Meldungen zum BOR - Ende - -----------,
SEPM_BO_COMMON,303,de,Bestellung hat einen unterschiedlichen Nettobetrag,
SEPM_BO_COMMON,501,de,Warenausgang für Kundenauftrags-ID &1 angelegt,
SEPM_DG,076,de,Eine oder mehrere EPM-Sessions sind aktiv,
SEPM_DG,077,de,Möglicherweise läuft der Datengenerierer,
SEPM_DG,083,de,Stammdaten neu anlegen: ausgewählt,
SEPM_DG,090,de,EPM-Datengenerierer: Warenausgangssätze gelöscht,
SEPM_EXCEPTIONS,076,de,Inkonsistente Nachrichten-Payload,
SEPM_TEST,207,de,Ablegen von Testkontexten in Persistenzschicht fehlgeschlagen,
SEPM_TEST,210,de,Angegebene Testsequenz (&1) ist unbekannt,
SEPM_TEST,211,de,Der angeforderte Statusübergang (&1) ist ungültig,
SEPM_BO_COMMON,304,de,Bestellung hat einen unterschiedlichen Steuerbetrag,
SEPM_BO_COMMON,502,de,Bestell-ID &1 angelegt,
SEPM_DG,078,de,Anzahl der Wiederholungen: &1,
SEPM_DG,079,de,***Gesamte Generierungszeit: &1 Sek.,
SEPM_DG,084,de,Bestellungen neu anlegen: ausgewählt,
SEPM_DG,085,de,Kundenaufträge neu anlegen: ausgewählt,
SEPM_DG,091,de,EPM-Datengenerierer: Kundenauftragsrechnung gelöscht,
SEPM_EXCEPTIONS,077,de,Ungültige Organisationseinheit,
SEPM_EXCEPTIONS,078,de,Nicht unterstützte Filteroption '&1',
SEPM_TEST,208,de,Fremde Sperre vorhanden,
SEPM_TEST,220,de,EMP-Kontextdaten konnten nicht abgerufen werden,
SEPM_BO_COMMON,305,de,Bestellung hat einen unterschiedlichen Währungscode,
SEPM_DG,086,de,Fehler: Systembenutzer &1 existiert nicht,
SEPM_DG,087,de,&1 Systembenutzer zu ITelO-Mitarbeiter hinzugefügt,
SEPM_DG,088,de,Fehler: keine Benutzer zu ITelO-Mitarbeiter hinzugefügt,
SEPM_DG,092,de,EPM-Datengenerierer: &1 Warenausgangssätze angelegt,
SEPM_EXCEPTIONS,079,de,Ungültiger Name &1 der Organisationseinheit,
SEPM_TEST,209,de,Während einer Sperroperation ist ein Systemausfall aufgetreten,
SEPM_TEST,212,de,Testsitzung (&1) nicht abgeschlossen - Abrufen v.ProtokEinträgen n.mögl.,
SEPM_TEST,213,de,EPM-Testumgebung ist inaktiv - Operation nicht möglich,
SEPM_TEST,221,de,Initialisierung wurde bereits für einen anderen Modus durchgeführt,
SEPM_BO_COMMON,306,de,Bestellposition hat ein unterschiedliches Produkt,
SEPM_BO_COMMON,310,de,Bestellposition hat einen unterschiedlichen Währungscode,
SEPM_DG,089,de,EPM-Datengenerierer: Wareneingang gelöscht,
SEPM_DG,093,de,EPM-Datengenerierer: Fehler bei Initialisierung des Ziels,
SEPM_TEST,214,de,Kein Testkontext für angegebene Auswahlkriterien verfügbar,
SEPM_TEST,215,de,Anlegen von Identifikation für Testsequenz fehlgeschlagen,
SEPM_TEST,222,de,Wert für Zeitüberschreitung (&1) ist zu groß. Höchstwert = 3600 Sekunden.,
SEPM_BO_COMMON,307,de,Bestellposition hat einen unterschiedlichen Bruttobetrag,
SEPM_BO_COMMON,308,de,Bestellposition hat einen unterschiedlichen Nettobetrag,
SEPM_BO_COMMON,311,de,Bestelleinteilung hat eine unterschiedliche Menge,
SEPM_TEST,216,de,Ablegen des Status der Testsequenz (&1) Testsitzung (&2) fehlgeschlagen,
SEPM_TEST,217,de,Angabe einer Testsitzungs-ID erforderlich,
SEPM_TEST,223,de,Job muss mindestens einmal am Tag laufen,
SEPM_TEST,224,de,Job-Planung fehlgeschlagen,
SEPM_BO_COMMON,309,de,Bestellposition hat einen unterschiedlichen Steuerbetrag,
SEPM_BO_COMMON,312,de,Bestelleinteilung hat eine unterschiedliche Mengeneinheit,
SEPM_TEST,218,de,Testumgebung wurde noch nicht initialisiert - Operation nicht möglich,
SEPM_TEST,219,de,Anlegen einer Testsitzungs-ID fehlgeschlagen,
SEPM_BO_COMMON,313,de,Bestellung hat eine unterschiedliche Anzahl von Positionen,
SEPM_BO_COMMON,314,de,Die Bestellposition hat eine unterschiedliche Positionsnummer,
SEPM_BO_COMMON,315,de,Produkt '&1' wird vom Lieferanten der Bestellung nicht angeboten,
SEPM_BO_COMMON,299,de,--- PO-Meldungen --------------------------------------------------------,
SEPM_BO_COMMON,399,de,--- Meldungen Kdauf -----------------------------------------------------,
SEPM_TEST,990,de,Dies ist eine Testmeldung mit vier Parametern: P1=&1 P2=&2 P3=&3 P4=&4,
SEPM_TEST,991,de,Dies ist eine Testmeldung mit vier Parametern: P5=&1 P6=&2 P7=&3 P8=&4,
SEPM_TEST,992,de,Dies ist eine Testmeldung mit vier Parametern: P9=&1 PA=&2 PB=&3 PC=&4,
SEPM_TEST,993,de,Ungültiger Wert (&1) für Header-Feld &2 entdeckt,
SEPM_BOR_MESSAGES,037,en,Invalid Sales Order ID '&1',
SEPM_BOR_MESSAGES,037,de,Ungültige Kundenauftrags-ID '&1',
SEPM_BOR_MESSAGES,038,en,Sales Order '&1' is locked,
SEPM_BOR_MESSAGES,038,de,Kundenauftrag '&1' ist gesperrt,
SEPM_BOR_MESSAGES,039,en,Sales Order '&1' does not exist,
SEPM_BOR_MESSAGES,039,de,Kundenauftrag '&1' existiert nicht,
SEPM_BOR_MESSAGES,040,en,Delete Sales Order '&1' ?,
SEPM_BOR_MESSAGES,040,de,Kundenauftrag '&1' löschen?,
SEPM_BOR_MESSAGES,041,en,Discard changes to Sales Order?,
SEPM_BOR_MESSAGES,041,de,Änderungen an Kundenauftrag verwerfen?,
SEPM_BOR_MESSAGES,042,en,Invalid Business Partner ID '&1',
SEPM_BOR_MESSAGES,042,de,Ungültige Geschäftspartner-ID '&1',
SEPM_BOR_MESSAGES,043,en,Saving Sales Order &1 failed,
SEPM_BOR_MESSAGES,043,de,Sichern von Kundenauftrag &1 fehlgeschlagen,
SEPM_BOR_MESSAGES,044,en,Sales Order &1 saved,
SEPM_BOR_MESSAGES,044,de,Kundenauftrag &1 gesichert,
SEPM_BOR_MESSAGES,053,en,Invalid Currency Code &1,
SEPM_BOR_MESSAGES,053,de,Ungültiger Währungscode &1,
SEPM_BOR_MESSAGES,054,en,Invalid Lifecycle Status Transition,
SEPM_BOR_MESSAGES,054,de,Ungültiger Lebenszyklusstatusübergang,
SEPM_BOR_MESSAGES,055,en,Sales Order cannot be edited in current status,
SEPM_BOR_MESSAGES,055,de,Kundenauftrag kann im aktuellen Status nicht bearbeitet werden,
SEPM_BOR_MESSAGES,056,en,State transition not allowed,
SEPM_BOR_MESSAGES,056,de,Statusübergang ist nicht erlaubt,
SEPM_BOR_MESSAGES,057,en,Error deleting Sales Order,
SEPM_BOR_MESSAGES,057,de,Fehler beim Löschen des Kundenauftrags,
SEPM_BOR_MESSAGES,058,en,Closed/Cancelled/Accepted Sales Orders cannot be deleted,
SEPM_BOR_MESSAGES,058,de,Erledigte/stornierte/angenommene Kundenaufträge können n. gelöscht werden,
SEPM_BOR_MESSAGES,059,en,Error creating Sales Order,
SEPM_BOR_MESSAGES,059,de,Fehler beim Anlegen des Kundenauftrags,
SEPM_BOR_MESSAGES,060,en,Error &1.,
SEPM_BOR_MESSAGES,060,de,Fehler &1,
SEPM_BOR_MESSAGES,061,en,Sales Order &1 deleted,
SEPM_BOR_MESSAGES,061,de,Kundenauftrag &1 gelöscht,
SEPM_BOR_MESSAGES,062,en,Saving product data has failed,
SEPM_BOR_MESSAGES,062,de,Sichern der Produktdaten ist fehlgeschlagen,
SEPM_BO_COMMON,010,en,Mandatory field '&1' is empty,
SEPM_BO_COMMON,010,de,Mussfeld '&1' ist leer,
SEPM_DG,094,en,Error: Table &1 is not an EPM data table,
SEPM_DG,094,de,Fehler: Tabelle &1 ist keine EPM-Datentabelle,
SEPM_DG,095,en,Error: No snapshot data found,
SEPM_DG,095,de,Fehler: keine Snapshot-Daten gefunden,
SEPM_DG,096,en,EPM Data Generator: &1 Sales Order Invoices created,
SEPM_DG,096,de,EPM-Datengenerierer: &1 Kundenauftragsrechnungen angelegt,
SEPM_BOR_MESSAGES,033,de,Konsumentenproblem: ID für Einkäufer [&1] angeben,
SEPM_BO_COMMON,058,en,More than one key component defined,
SEPM_BO_COMMON,059,en,Name of key component must be &1,
SEPM_BO_COMMON,060,en,No extension fields defined,
SEPM_BO_COMMON,061,en,Key field must be first field,
SEPM_BO_COMMON,062,en,Data type of key field must be &1,
SEPM_BO_COMMON,058,de,Mehr als eine Schlüsselkomponente definiert,
SEPM_BO_COMMON,059,de,Der Name der Schlüsselkomponente muss &1 sein,
SEPM_BO_COMMON,060,de,Keine Erweiterungsfelder definiert,
SEPM_BO_COMMON,061,de,Das Schlüsselfeld muss das erste Feld sein,
SEPM_BO_COMMON,062,de,Der Datentyp des Schlüsselfelds muss &1 sein,
SEPM_EXCEPTIONS,081,en,Field name is initial,
SEPM_EXCEPTIONS,081,de,Der Feldname ist initial,
SEPM_FPM,015,en,Employee with ID '&1' deleted,
SEPM_FPM,016,en,Language missing,
SEPM_FPM,017,en,Currency missing,
SEPM_FPM,018,en,First name missing,
SEPM_FPM,019,en,Last name missing,
SEPM_FPM,020,en,Salary missing,
SEPM_FPM,021,en,Account number missing,
SEPM_FPM,022,en,Bank ID missing,
SEPM_FPM,023,en,Bank name missing,
SEPM_FPM,024,en,E-Mail address missing,
SEPM_FPM,025,en,Login name missing,
SEPM_FPM,026,en,Gender missing,
SEPM_FPM,027,en,Department with ID '&1' does not exist,
SEPM_FPM,028,en,Invalid buyer ID '&1',
SEPM_FPM,029,en,Invalid supplier ID '&1',
SEPM_FPM,030,en,Data inconsistencies found. Regenerate data with transaction SEPM_DG.,
SEPM_FPM,015,de,Mitarbeiter mit ID '&1' gelöscht,
SEPM_FPM,016,de,Sprache fehlt,
SEPM_FPM,017,de,Währung fehlt,
SEPM_FPM,018,de,Vorname fehlt,
SEPM_FPM,019,de,Nachname fehlt,
SEPM_FPM,020,de,Gehalt fehlt,
SEPM_FPM,021,de,Kontonummer fehlt,
SEPM_FPM,022,de,Bank-ID fehlt,
SEPM_FPM,023,de,Bankname fehlt,
SEPM_FPM,024,de,E-Mail-Adresse fehlt,
SEPM_FPM,025,de,Anmeldename fehlt,
SEPM_FPM,026,de,Geschlecht fehlt,
SEPM_FPM,027,de,Abteilung mit ID '&1' existiert nicht,
SEPM_FPM,028,de,Ungültige Einkäufer-ID '&1',
SEPM_FPM,029,de,Ungültige Lieferanten-ID '&1',
SEPM_FPM,030,de,Dateninkonsistenzen gefunden. Generieren Sie mit TA SEPM_DG die Daten neu,
SEPM_ADMIN,001,en,&1 &2 records inserted,
SEPM_ADMIN,002,en,Invalid Command: &1,
SEPM_POWRK,000,en,Invalid Group By Condition: &1,
SEPM_POWRK,001,en,Company Name,
SEPM_POWRK,002,en,Purchase Order ID,
SEPM_POWRK,003,en,Partner ID,
SEPM_POWRK,004,en,Employee Responsible,
SEPM_POWRK,005,en,Created At,
SEPM_POWRK,006,en,Gross Amount,
SEPM_POWRK,007,en,City,
SEPM_POWRK,008,en,Category,
SEPM_POWRK,009,en,Product ID,
SEPM_POWRK,010,en,Product Name,
SEPM_POWRK,011,en,Product Description,
SEPM_ADMIN,001,de,&1 &2 Datensätze Eingefügt,
SEPM_ADMIN,002,de,Ungültiger Befehl: &1,
SEPM_POWRK,000,de,Ungültige Group By Zustand: &1,
SEPM_POWRK,001,de,Firmenname,
SEPM_POWRK,002,de,Auftragsbestätigung,
SEPM_POWRK,003,de,Geschäftspartner,
SEPM_POWRK,004,de,Verantwortlicher Mitarbeiter,
SEPM_POWRK,005,de,Erstellt Am,
SEPM_POWRK,006,de,Bruttobetrag,
SEPM_POWRK,007,de,Stadt,
SEPM_POWRK,008,de,Kategorie,
SEPM_POWRK,009,de,Produkt,
SEPM_POWRK,010,de,Produkt Benennung,
SEPM_POWRK,011,de,Produktbeschreibung,
SEPM_POWRK,012,en,No purchase order specified,
SEPM_POWRK,013,en,Invalid purchase order number specified: &1,
SEPM_POWRK,014,en,Closed purchase orders can not be deleted,
SEPM_POWRK,015,en,Purchase Order &1 has already been deleted,
SEPM_POWRK,016,en,Approved Purchase Orders can not be deleted,
SEPM_POWRK,017,en,Confirmed Purchase Orders can not be deleted,
SEPM_POWRK,018,en,Confirmed Purchase Orders which have been sent to the partner can not be deleted,
SEPM_POWRK,019,en,Delivered Purchase Orders can not be deleted,
SEPM_POWRK,020,en,Invoiced Purchase Orders can not be deleted,
SEPM_POWRK,021,en,Success,
SEPM_POWRK,022,en,No Purchase Order Action Supplied,
SEPM_POWRK,023,en,Action &1 is an invalid choice,
SEPM_POWRK,024,en,Closed purchase orders can not be accepted or rejected,
SEPM_POWRK,025,en,Deleted purchase orders can not be accepted or rejected,
SEPM_POWRK,026,en,Confirmed Purchase Orders can not be accepted or rejected,
SEPM_POWRK,027,en,Confirmed Purchase Orders which have been sent to the partner can not be accepted  or rejected,
SEPM_POWRK,028,en,Delivered Purchase Orders can not be accepted or rejected,
SEPM_POWRK,029,en,Invoiced Purchase Orders can not be accepted or rejected,
SEPM_ADMIN,003,en,Invalid seed object,
SEPM_ADMIN,004,en,Invalid sequence object,
SEPM_ADMIN,005,en,Error occured during data loading of &1 tables,
